image,class,split
RAISE-1k/tiff/r0b0e2ba5t.TIF,0,test
RAISE-1k/tiff/r0b3979d0t.TIF,0,test
RAISE-1k/tiff/r0b59fc2bt.TIF,0,test
RAISE-1k/tiff/r0b6e4254t.TIF,0,test
RAISE-1k/tiff/r0b735401t.TIF,0,test
RAISE-1k/tiff/r0b7b1156t.TIF,0,test
RAISE-1k/tiff/r0bdc7894t.TIF,0,test
RAISE-1k/tiff/r0c9910e4t.TIF,0,test
RAISE-1k/tiff/r0cde6159t.TIF,0,test
RAISE-1k/tiff/r0ce35df8t.TIF,0,test
RAISE-1k/tiff/r0d203f37t.TIF,0,test
RAISE-1k/tiff/r0d56c1d7t.TIF,0,test
RAISE-1k/tiff/r0d89edd8t.TIF,0,test
RAISE-1k/tiff/r0e04cc91t.TIF,0,test
RAISE-1k/tiff/r0e5dfc8et.TIF,0,test
RAISE-1k/tiff/r0e7b407bt.TIF,0,test
RAISE-1k/tiff/r0eab8214t.TIF,0,test
RAISE-1k/tiff/r0eb07be3t.TIF,0,test
RAISE-1k/tiff/r0ebdd2d2t.TIF,0,test
RAISE-1k/tiff/r0eea5a7et.TIF,0,test
RAISE-1k/tiff/r0fae3dbdt.TIF,0,test
RAISE-1k/tiff/r0faffef3t.TIF,0,test
RAISE-1k/tiff/r0fbb5bc1t.TIF,0,test
RAISE-1k/tiff/r0fbd0c71t.TIF,0,test
RAISE-1k/tiff/r0fbf62f8t.TIF,0,test
RAISE-1k/tiff/r0fd69c12t.TIF,0,test
RAISE-1k/tiff/r0fdfc4f0t.TIF,0,test
RAISE-1k/tiff/r0fe270aet.TIF,0,test
RAISE-1k/tiff/r0fe7b1c6t.TIF,0,test
RAISE-1k/tiff/r0fef53bft.TIF,0,test
RAISE-1k/tiff/r0ff7a848t.TIF,0,test
RAISE-1k/tiff/r10134c59t.TIF,0,test
RAISE-1k/tiff/r101af5b4t.TIF,0,test
RAISE-1k/tiff/r101d6690t.TIF,0,test
RAISE-1k/tiff/r101eab0dt.TIF,0,test
RAISE-1k/tiff/r1023c21et.TIF,0,test
RAISE-1k/tiff/r102b4aa4t.TIF,0,test
RAISE-1k/tiff/r103a4f26t.TIF,0,test
RAISE-1k/tiff/r104153eat.TIF,0,test
RAISE-1k/tiff/r10940798t.TIF,0,test
RAISE-1k/tiff/r10a9ca2at.TIF,0,test
RAISE-1k/tiff/r10c5fc29t.TIF,0,test
RAISE-1k/tiff/r10cf67d1t.TIF,0,test
RAISE-1k/tiff/r10e36316t.TIF,0,test
RAISE-1k/tiff/r10f888c2t.TIF,0,test
RAISE-1k/tiff/r110b4219t.TIF,0,test
RAISE-1k/tiff/r110cc74ct.TIF,0,test
RAISE-1k/tiff/r110f894ft.TIF,0,test
RAISE-1k/tiff/r113402d4t.TIF,0,test
RAISE-1k/tiff/r1138e1aft.TIF,0,test
RAISE-1k/tiff/r115c449dt.TIF,0,test
RAISE-1k/tiff/r07ece355t.TIF,0,test
RAISE-1k/tiff/r07f22efdt.TIF,0,test
RAISE-1k/tiff/r08079988t.TIF,0,test
RAISE-1k/tiff/r0809811bt.TIF,0,test
RAISE-1k/tiff/r083ca67ct.TIF,0,test
RAISE-1k/tiff/r084a4ccet.TIF,0,test
RAISE-1k/tiff/r085bdbe2t.TIF,0,test
RAISE-1k/tiff/r08b05c94t.TIF,0,test
RAISE-1k/tiff/r08b12799t.TIF,0,test
RAISE-1k/tiff/r09488b39t.TIF,0,test
RAISE-1k/tiff/r09579ff2t.TIF,0,test
RAISE-1k/tiff/r0965e155t.TIF,0,test
RAISE-1k/tiff/r097d3563t.TIF,0,test
RAISE-1k/tiff/r09c8e042t.TIF,0,test
RAISE-1k/tiff/r0a4ce555t.TIF,0,test
RAISE-1k/tiff/r0a8e5f8at.TIF,0,test
RAISE-1k/tiff/r0a94587ft.TIF,0,test
RAISE-1k/tiff/r0a966704t.TIF,0,test
RAISE-1k/tiff/r0aaa70c3t.TIF,0,test
RAISE-1k/tiff/r0ac70243t.TIF,0,test
RAISE-1k/tiff/r0ae68527t.TIF,0,test
RAISE-1k/tiff/r0b07b945t.TIF,0,test
RAISE-1k/tiff/r0b0cd69et.TIF,0,test
RAISE-1k/tiff/r05f3bc6ct.TIF,0,test
RAISE-1k/tiff/r061433aft.TIF,0,test
RAISE-1k/tiff/r061db45ft.TIF,0,test
RAISE-1k/tiff/r06691aa5t.TIF,0,test
RAISE-1k/tiff/r068812d7t.TIF,0,test
RAISE-1k/tiff/r06888d38t.TIF,0,test
RAISE-1k/tiff/r0708431at.TIF,0,test
RAISE-1k/tiff/r072d955bt.TIF,0,test
RAISE-1k/tiff/r0777fea4t.TIF,0,test
RAISE-1k/tiff/r07cfb432t.TIF,0,test
RAISE-1k/tiff/r000da54ft.TIF,0,test
RAISE-1k/tiff/r001d260dt.TIF,0,test
RAISE-1k/tiff/r002fc3e2t.TIF,0,test
RAISE-1k/tiff/r00444b95t.TIF,0,test
RAISE-1k/tiff/r005f3e70t.TIF,0,test
RAISE-1k/tiff/r00617aa1t.TIF,0,test
RAISE-1k/tiff/r00679daet.TIF,0,test
RAISE-1k/tiff/r006b0e4bt.TIF,0,test
RAISE-1k/tiff/r006fcc20t.TIF,0,test
RAISE-1k/tiff/r007f5116t.TIF,0,test
RAISE-1k/tiff/r00816405t.TIF,0,test
RAISE-1k/tiff/r00869422t.TIF,0,test
RAISE-1k/tiff/r00879054t.TIF,0,test
RAISE-1k/tiff/r008a2095t.TIF,0,test
RAISE-1k/tiff/r008ed083t.TIF,0,test
RAISE-1k/tiff/r00a940e1t.TIF,0,test
RAISE-1k/tiff/r00b3931bt.TIF,0,test
RAISE-1k/tiff/r00b8d4a2t.TIF,0,test
RAISE-1k/tiff/r00c0995ft.TIF,0,test
RAISE-1k/tiff/r00c4a543t.TIF,0,test
RAISE-1k/tiff/r00d161b7t.TIF,0,test
RAISE-1k/tiff/r00de2590t.TIF,0,test
RAISE-1k/tiff/r01058910t.TIF,0,test
RAISE-1k/tiff/r0108c383t.TIF,0,test
RAISE-1k/tiff/r010cb248t.TIF,0,test
RAISE-1k/tiff/r01170470t.TIF,0,test
RAISE-1k/tiff/r01291f20t.TIF,0,test
RAISE-1k/tiff/r01292fd8t.TIF,0,test
RAISE-1k/tiff/r012b0f30t.TIF,0,test
RAISE-1k/tiff/r012d1dbet.TIF,0,test
RAISE-1k/tiff/r0141f0c9t.TIF,0,test
RAISE-1k/tiff/r01474187t.TIF,0,test
RAISE-1k/tiff/r0149a21ct.TIF,0,test
RAISE-1k/tiff/r0150031ft.TIF,0,test
RAISE-1k/tiff/r01511e3et.TIF,0,test
RAISE-1k/tiff/r01559391t.TIF,0,test
RAISE-1k/tiff/r015b453ft.TIF,0,test
RAISE-1k/tiff/r0176fbcat.TIF,0,test
RAISE-1k/tiff/r017904f0t.TIF,0,test
RAISE-1k/tiff/r018ba134t.TIF,0,test
RAISE-1k/tiff/r018e74fet.TIF,0,test
RAISE-1k/tiff/r0191aaf4t.TIF,0,test
RAISE-1k/tiff/r019eb1cbt.TIF,0,test
RAISE-1k/tiff/r01a31693t.TIF,0,test
RAISE-1k/tiff/r01a5f38at.TIF,0,test
RAISE-1k/tiff/r01b3f004t.TIF,0,test
RAISE-1k/tiff/r01b6aed6t.TIF,0,test
RAISE-1k/tiff/r01c95f68t.TIF,0,test
RAISE-1k/tiff/r01cbb7fdt.TIF,0,test
RAISE-1k/tiff/r01cf60c7t.TIF,0,test
RAISE-1k/tiff/r01d0b83bt.TIF,0,test
RAISE-1k/tiff/r01d9da09t.TIF,0,test
RAISE-1k/tiff/r01ef1b4at.TIF,0,test
RAISE-1k/tiff/r0200a7a6t.TIF,0,test
RAISE-1k/tiff/r02059ab4t.TIF,0,test
RAISE-1k/tiff/r0207a52ct.TIF,0,test
RAISE-1k/tiff/r021429abt.TIF,0,test
RAISE-1k/tiff/r02189767t.TIF,0,test
RAISE-1k/tiff/r02210c2at.TIF,0,test
RAISE-1k/tiff/r0225b88bt.TIF,0,test
RAISE-1k/tiff/r022af74ct.TIF,0,test
RAISE-1k/tiff/r02354285t.TIF,0,test
RAISE-1k/tiff/r0249f733t.TIF,0,test
RAISE-1k/tiff/r02508493t.TIF,0,test
RAISE-1k/tiff/r0250eb80t.TIF,0,test
RAISE-1k/tiff/r02513d19t.TIF,0,test
RAISE-1k/tiff/r026b5360t.TIF,0,test
RAISE-1k/tiff/r026cedb7t.TIF,0,test
RAISE-1k/tiff/r0279b17bt.TIF,0,test
RAISE-1k/tiff/r027a692ft.TIF,0,test
RAISE-1k/tiff/r0281b52at.TIF,0,test
RAISE-1k/tiff/r0282ca06t.TIF,0,test
RAISE-1k/tiff/r0284aa1at.TIF,0,test
RAISE-1k/tiff/r0287344at.TIF,0,test
RAISE-1k/tiff/r028896d3t.TIF,0,test
RAISE-1k/tiff/r0288b58ct.TIF,0,test
RAISE-1k/tiff/r02897203t.TIF,0,test
RAISE-1k/tiff/r029afdb0t.TIF,0,test
RAISE-1k/tiff/r02a0839et.TIF,0,test
RAISE-1k/tiff/r02a21f6ct.TIF,0,test
RAISE-1k/tiff/r02b3a1ddt.TIF,0,test
RAISE-1k/tiff/r02b7536at.TIF,0,test
RAISE-1k/tiff/r02d732f8t.TIF,0,test
RAISE-1k/tiff/r02e1abe2t.TIF,0,test
RAISE-1k/tiff/r02f1ba48t.TIF,0,test
RAISE-1k/tiff/r02f5c155t.TIF,0,test
RAISE-1k/tiff/r02f9f53et.TIF,0,test
RAISE-1k/tiff/r0314c3f9t.TIF,0,test
RAISE-1k/tiff/r031917act.TIF,0,test
RAISE-1k/tiff/r03193652t.TIF,0,test
RAISE-1k/tiff/r03389e9bt.TIF,0,test
RAISE-1k/tiff/r033bb79dt.TIF,0,test
RAISE-1k/tiff/r033daaa0t.TIF,0,test
RAISE-1k/tiff/r0341853dt.TIF,0,test
RAISE-1k/tiff/r0342f22ct.TIF,0,test
RAISE-1k/tiff/r0355b2d5t.TIF,0,test
RAISE-1k/tiff/r0356ea60t.TIF,0,test
RAISE-1k/tiff/r035ef2c2t.TIF,0,test
RAISE-1k/tiff/r03640e97t.TIF,0,test
RAISE-1k/tiff/r036e2a9at.TIF,0,test
RAISE-1k/tiff/r0372042dt.TIF,0,test
RAISE-1k/tiff/r037a250ft.TIF,0,test
RAISE-1k/tiff/r0383e9c3t.TIF,0,test
RAISE-1k/tiff/r038422cft.TIF,0,test
RAISE-1k/tiff/r038922cbt.TIF,0,test
RAISE-1k/tiff/r03995a8ct.TIF,0,test
RAISE-1k/tiff/r039a5ef5t.TIF,0,test
RAISE-1k/tiff/r039a851bt.TIF,0,test
RAISE-1k/tiff/r03aa5df1t.TIF,0,test
RAISE-1k/tiff/r03b0c944t.TIF,0,test
RAISE-1k/tiff/r03bf5648t.TIF,0,test
RAISE-1k/tiff/r03c8ddcft.TIF,0,test
RAISE-1k/tiff/r03cef811t.TIF,0,test
RAISE-1k/tiff/r03d2a758t.TIF,0,test
RAISE-1k/tiff/r03ed2669t.TIF,0,test
RAISE-1k/tiff/r03f41fdct.TIF,0,test
RAISE-1k/tiff/r03f70ccdt.TIF,0,test
RAISE-1k/tiff/r0408fe9ft.TIF,0,test
RAISE-1k/tiff/r040b3002t.TIF,0,test
RAISE-1k/tiff/r040bf4a5t.TIF,0,test
RAISE-1k/tiff/r04108c64t.TIF,0,test
RAISE-1k/tiff/r04160d64t.TIF,0,test
RAISE-1k/tiff/r04172edct.TIF,0,test
RAISE-1k/tiff/r0417f5e3t.TIF,0,test
RAISE-1k/tiff/r041c02cat.TIF,0,test
RAISE-1k/tiff/r0428df0ct.TIF,0,test
RAISE-1k/tiff/r042d5308t.TIF,0,test
RAISE-1k/tiff/r042d7b17t.TIF,0,test
RAISE-1k/tiff/r04317453t.TIF,0,test
RAISE-1k/tiff/r0438eb97t.TIF,0,test
RAISE-1k/tiff/r043951a3t.TIF,0,test
RAISE-1k/tiff/r04395e54t.TIF,0,test
RAISE-1k/tiff/r0450c4c0t.TIF,0,test
RAISE-1k/tiff/r045be2act.TIF,0,test
RAISE-1k/tiff/r0465565ct.TIF,0,test
RAISE-1k/tiff/r046852c1t.TIF,0,test
RAISE-1k/tiff/r047aa954t.TIF,0,test
RAISE-1k/tiff/r04851bf9t.TIF,0,test
RAISE-1k/tiff/r0487f5cet.TIF,0,test
RAISE-1k/tiff/r048c50d0t.TIF,0,test
RAISE-1k/tiff/r04989a70t.TIF,0,test
RAISE-1k/tiff/r049f471dt.TIF,0,test
RAISE-1k/tiff/r04a210b3t.TIF,0,test
RAISE-1k/tiff/r04aceb4et.TIF,0,test
RAISE-1k/tiff/r04b4d5aft.TIF,0,test
RAISE-1k/tiff/r04b8473dt.TIF,0,test
RAISE-1k/tiff/r04c11390t.TIF,0,test
RAISE-1k/tiff/r04c566a0t.TIF,0,test
RAISE-1k/tiff/r04cfa379t.TIF,0,test
RAISE-1k/tiff/r04e19833t.TIF,0,test
RAISE-1k/tiff/r04e7644dt.TIF,0,test
RAISE-1k/tiff/r04e818bat.TIF,0,test
RAISE-1k/tiff/r04eb0d0ft.TIF,0,test
RAISE-1k/tiff/r04eda41ct.TIF,0,test
RAISE-1k/tiff/r050e1024t.TIF,0,test
RAISE-1k/tiff/r0515a051t.TIF,0,test
RAISE-1k/tiff/r0518cf5dt.TIF,0,test
RAISE-1k/tiff/r05243256t.TIF,0,test
RAISE-1k/tiff/r0527f7e6t.TIF,0,test
RAISE-1k/tiff/r052df821t.TIF,0,test
RAISE-1k/tiff/r052e9174t.TIF,0,test
RAISE-1k/tiff/r053d2196t.TIF,0,test
RAISE-1k/tiff/r05647b9at.TIF,0,test
RAISE-1k/tiff/r056c0ee6t.TIF,0,test
RAISE-1k/tiff/r056d6bebt.TIF,0,test
RAISE-1k/tiff/r056daad2t.TIF,0,test
RAISE-1k/tiff/r056f233bt.TIF,0,test
RAISE-1k/tiff/r05718fd6t.TIF,0,test
RAISE-1k/tiff/r057282fet.TIF,0,test
RAISE-1k/tiff/r05772356t.TIF,0,test
RAISE-1k/tiff/r05839451t.TIF,0,test
RAISE-1k/tiff/r0589558at.TIF,0,test
RAISE-1k/tiff/r059cae86t.TIF,0,test
RAISE-1k/tiff/r059ce7d0t.TIF,0,test
RAISE-1k/tiff/r05a7750et.TIF,0,test
RAISE-1k/tiff/r05ac4560t.TIF,0,test
RAISE-1k/tiff/r05bf2f53t.TIF,0,test
RAISE-1k/tiff/r05d35656t.TIF,0,test
RAISE-1k/tiff/r05d59d7ct.TIF,0,test
RAISE-1k/tiff/r05d9d749t.TIF,0,test
RAISE-1k/tiff/r05db7e7ft.TIF,0,test
RAISE-1k/tiff/r05f3f6a5t.TIF,0,test
RAISE-1k/tiff/r05f66e6dt.TIF,0,test
RAISE-1k/tiff/r0603031et.TIF,0,test
RAISE-1k/tiff/r061e2ecft.TIF,0,test
RAISE-1k/tiff/r062b9259t.TIF,0,test
RAISE-1k/tiff/r062cab38t.TIF,0,test
RAISE-1k/tiff/r063d8a61t.TIF,0,test
RAISE-1k/tiff/r0648cff8t.TIF,0,test
RAISE-1k/tiff/r065472d8t.TIF,0,test
RAISE-1k/tiff/r065a0da9t.TIF,0,test
RAISE-1k/tiff/r066358d3t.TIF,0,test
RAISE-1k/tiff/r0667a51ft.TIF,0,test
RAISE-1k/tiff/r066b256at.TIF,0,test
RAISE-1k/tiff/r066ef803t.TIF,0,test
RAISE-1k/tiff/r0670f47ft.TIF,0,test
RAISE-1k/tiff/r06743f8ft.TIF,0,test
RAISE-1k/tiff/r0676c50at.TIF,0,test
RAISE-1k/tiff/r06836fdat.TIF,0,test
RAISE-1k/tiff/r069e346et.TIF,0,test
RAISE-1k/tiff/r06a52b7bt.TIF,0,test
RAISE-1k/tiff/r06aa7dabt.TIF,0,test
RAISE-1k/tiff/r06b161adt.TIF,0,test
RAISE-1k/tiff/r06b7849at.TIF,0,test
RAISE-1k/tiff/r06bfc92at.TIF,0,test
RAISE-1k/tiff/r06c4bcb9t.TIF,0,test
RAISE-1k/tiff/r06cad2d6t.TIF,0,test
RAISE-1k/tiff/r06d3ac60t.TIF,0,test
RAISE-1k/tiff/r06e1a520t.TIF,0,test
RAISE-1k/tiff/r0701ca45t.TIF,0,test
RAISE-1k/tiff/r0703243bt.TIF,0,test
RAISE-1k/tiff/r070a874ct.TIF,0,test
RAISE-1k/tiff/r072421a1t.TIF,0,test
RAISE-1k/tiff/r072649fdt.TIF,0,test
RAISE-1k/tiff/r0744a10et.TIF,0,test
RAISE-1k/tiff/r07598392t.TIF,0,test
RAISE-1k/tiff/r075baf3ct.TIF,0,test
RAISE-1k/tiff/r0773471dt.TIF,0,test
RAISE-1k/tiff/r077507cat.TIF,0,test
RAISE-1k/tiff/r079d086et.TIF,0,test
RAISE-1k/tiff/r07b99141t.TIF,0,test
RAISE-1k/tiff/r07c47354t.TIF,0,test
RAISE-1k/tiff/r07c51648t.TIF,0,test
RAISE-1k/tiff/r07cf907dt.TIF,0,test
RAISE-1k/tiff/r07d13149t.TIF,0,test
RAISE-1k/tiff/r07d5eb94t.TIF,0,test
RAISE-1k/tiff/r07db8a54t.TIF,0,test
RAISE-1k/tiff/r07dba73ft.TIF,0,test
RAISE-1k/tiff/r07df029bt.TIF,0,test
RAISE-1k/tiff/r07e1e8cbt.TIF,0,test
RAISE-1k/tiff/r07e242b7t.TIF,0,test
RAISE-1k/tiff/r07e35007t.TIF,0,test
RAISE-1k/tiff/r07e594d6t.TIF,0,test
RAISE-1k/tiff/r07f99a1at.TIF,0,test
RAISE-1k/tiff/r07ffdc87t.TIF,0,test
RAISE-1k/tiff/r081ad6a3t.TIF,0,test
RAISE-1k/tiff/r082626aft.TIF,0,test
RAISE-1k/tiff/r08276bf9t.TIF,0,test
RAISE-1k/tiff/r08307e1at.TIF,0,test
RAISE-1k/tiff/r0833f646t.TIF,0,test
RAISE-1k/tiff/r083b7636t.TIF,0,test
RAISE-1k/tiff/r08414c5at.TIF,0,test
RAISE-1k/tiff/r084889d5t.TIF,0,test
RAISE-1k/tiff/r085a5f53t.TIF,0,test
RAISE-1k/tiff/r08788547t.TIF,0,test
RAISE-1k/tiff/r087a13a6t.TIF,0,test
RAISE-1k/tiff/r08873591t.TIF,0,test
RAISE-1k/tiff/r088dcebft.TIF,0,test
RAISE-1k/tiff/r0897d8aat.TIF,0,test
RAISE-1k/tiff/r08996953t.TIF,0,test
RAISE-1k/tiff/r089cae91t.TIF,0,test
RAISE-1k/tiff/r08abaa78t.TIF,0,test
RAISE-1k/tiff/r08ac875ct.TIF,0,test
RAISE-1k/tiff/r08b04f65t.TIF,0,test
RAISE-1k/tiff/r08b41f18t.TIF,0,test
RAISE-1k/tiff/r08c76321t.TIF,0,test
RAISE-1k/tiff/r08cbbab9t.TIF,0,test
RAISE-1k/tiff/r08d2b4dat.TIF,0,test
RAISE-1k/tiff/r08d9a0cet.TIF,0,test
RAISE-1k/tiff/r08df6903t.TIF,0,test
RAISE-1k/tiff/r08f2d4c6t.TIF,0,test
RAISE-1k/tiff/r0905697bt.TIF,0,test
RAISE-1k/tiff/r09245347t.TIF,0,test
RAISE-1k/tiff/r092b4511t.TIF,0,test
RAISE-1k/tiff/r0941aa38t.TIF,0,test
RAISE-1k/tiff/r09445479t.TIF,0,test
RAISE-1k/tiff/r094ced7bt.TIF,0,test
RAISE-1k/tiff/r094cf3c6t.TIF,0,test
RAISE-1k/tiff/r09670876t.TIF,0,test
RAISE-1k/tiff/r09696ba3t.TIF,0,test
RAISE-1k/tiff/r096982ddt.TIF,0,test
RAISE-1k/tiff/r097088c1t.TIF,0,test
RAISE-1k/tiff/r097555c4t.TIF,0,test
RAISE-1k/tiff/r09851aa4t.TIF,0,test
RAISE-1k/tiff/r0985dc6ct.TIF,0,test
RAISE-1k/tiff/r098a8a22t.TIF,0,test
RAISE-1k/tiff/r098cf7aet.TIF,0,test
RAISE-1k/tiff/r09a60f63t.TIF,0,test
RAISE-1k/tiff/r09a79474t.TIF,0,test
RAISE-1k/tiff/r09a992e9t.TIF,0,test
RAISE-1k/tiff/r09b86185t.TIF,0,test
RAISE-1k/tiff/r09c15af7t.TIF,0,test
RAISE-1k/tiff/r09d50960t.TIF,0,test
RAISE-1k/tiff/r09d5cb41t.TIF,0,test
RAISE-1k/tiff/r09d7cd4et.TIF,0,test
RAISE-1k/tiff/r09dc6407t.TIF,0,test
RAISE-1k/tiff/r09efa609t.TIF,0,test
RAISE-1k/tiff/r09f764ect.TIF,0,test
RAISE-1k/tiff/r09ff1dcet.TIF,0,test
RAISE-1k/tiff/r0a0852c6t.TIF,0,test
RAISE-1k/tiff/r0a10fe29t.TIF,0,test
RAISE-1k/tiff/r0a18e454t.TIF,0,test
RAISE-1k/tiff/r0a19cb85t.TIF,0,test
RAISE-1k/tiff/r0a2e85f0t.TIF,0,test
RAISE-1k/tiff/r0a2ff882t.TIF,0,test
RAISE-1k/tiff/r0a31a2cct.TIF,0,test
RAISE-1k/tiff/r0a3c52a0t.TIF,0,test
RAISE-1k/tiff/r0a42c0f6t.TIF,0,test
RAISE-1k/tiff/r0a54ed98t.TIF,0,test
RAISE-1k/tiff/r0a5d7cb6t.TIF,0,test
RAISE-1k/tiff/r0a64ce0bt.TIF,0,test
RAISE-1k/tiff/r0a71c689t.TIF,0,test
RAISE-1k/tiff/r0a72568ct.TIF,0,test
RAISE-1k/tiff/r0a776764t.TIF,0,test
RAISE-1k/tiff/r0a779af2t.TIF,0,test
RAISE-1k/tiff/r0a808003t.TIF,0,test
RAISE-1k/tiff/r0a8b59bbt.TIF,0,test
RAISE-1k/tiff/r0a9384b1t.TIF,0,test
RAISE-1k/tiff/r0ab0a205t.TIF,0,test
RAISE-1k/tiff/r0ab7202ft.TIF,0,test
RAISE-1k/tiff/r0ab86ea2t.TIF,0,test
RAISE-1k/tiff/r0adac68bt.TIF,0,test
RAISE-1k/tiff/r0af5a8cct.TIF,0,test
RAISE-1k/tiff/r0b03e77at.TIF,0,test
RAISE-1k/tiff/r0b13d2a2t.TIF,0,test
RAISE-1k/tiff/r0b17fd57t.TIF,0,test
RAISE-1k/tiff/r0b1f92a9t.TIF,0,test
RAISE-1k/tiff/r0b3220e1t.TIF,0,test
RAISE-1k/tiff/r0b42926ct.TIF,0,test
RAISE-1k/tiff/r0b4d8af5t.TIF,0,test
RAISE-1k/tiff/r0b50b69ct.TIF,0,test
RAISE-1k/tiff/r0b591bc3t.TIF,0,test
RAISE-1k/tiff/r0b5a3035t.TIF,0,test
RAISE-1k/tiff/r0b5b85d0t.TIF,0,test
RAISE-1k/tiff/r0b61ed37t.TIF,0,test
RAISE-1k/tiff/r0b665b37t.TIF,0,test
RAISE-1k/tiff/r0b755540t.TIF,0,test
RAISE-1k/tiff/r0b76b82ft.TIF,0,test
RAISE-1k/tiff/r0b82ae9bt.TIF,0,test
RAISE-1k/tiff/r0b841e5at.TIF,0,test
RAISE-1k/tiff/r0b985828t.TIF,0,test
RAISE-1k/tiff/r0b99ac3ct.TIF,0,test
RAISE-1k/tiff/r0ba4c4c0t.TIF,0,test
RAISE-1k/tiff/r0bbbb097t.TIF,0,test
RAISE-1k/tiff/r0bbd0b0et.TIF,0,test
RAISE-1k/tiff/r0bc0e549t.TIF,0,test
RAISE-1k/tiff/r0bc1a779t.TIF,0,test
RAISE-1k/tiff/r0bc7d0eet.TIF,0,test
RAISE-1k/tiff/r0bc87c20t.TIF,0,test
RAISE-1k/tiff/r0bf1bbect.TIF,0,test
RAISE-1k/tiff/r0c03e364t.TIF,0,test
RAISE-1k/tiff/r0c0d0adct.TIF,0,test
RAISE-1k/tiff/r0c1de5e1t.TIF,0,test
RAISE-1k/tiff/r0c1f588dt.TIF,0,test
RAISE-1k/tiff/r0c2fb2a1t.TIF,0,test
RAISE-1k/tiff/r0c32591dt.TIF,0,test
RAISE-1k/tiff/r0c3a8ea0t.TIF,0,test
RAISE-1k/tiff/r0c486c0at.TIF,0,test
RAISE-1k/tiff/r0c5e9567t.TIF,0,test
RAISE-1k/tiff/r0c6cf00bt.TIF,0,test
RAISE-1k/tiff/r0c764979t.TIF,0,test
RAISE-1k/tiff/r0c795771t.TIF,0,test
RAISE-1k/tiff/r0c7fcc38t.TIF,0,test
RAISE-1k/tiff/r0c8f3ce5t.TIF,0,test
RAISE-1k/tiff/r0c925d34t.TIF,0,test
RAISE-1k/tiff/r0c9e4ff8t.TIF,0,test
RAISE-1k/tiff/r0cbdc6f8t.TIF,0,test
RAISE-1k/tiff/r0cc5a33ct.TIF,0,test
RAISE-1k/tiff/r0cd4ffb0t.TIF,0,test
RAISE-1k/tiff/r0cea5432t.TIF,0,test
RAISE-1k/tiff/r0cfedd72t.TIF,0,test
RAISE-1k/tiff/r0d0ff43at.TIF,0,test
RAISE-1k/tiff/r0d0ff4c2t.TIF,0,test
RAISE-1k/tiff/r0d1dd61ft.TIF,0,test
RAISE-1k/tiff/r0d280006t.TIF,0,test
RAISE-1k/tiff/r0d61db4ct.TIF,0,test
RAISE-1k/tiff/r0d796d4ft.TIF,0,test
RAISE-1k/tiff/r0d8d62edt.TIF,0,test
RAISE-1k/tiff/r0db011b4t.TIF,0,test
RAISE-1k/tiff/r0db31c3ft.TIF,0,test
RAISE-1k/tiff/r0db6cc31t.TIF,0,test
RAISE-1k/tiff/r0dd60980t.TIF,0,test
RAISE-1k/tiff/r0dd6e8f4t.TIF,0,test
RAISE-1k/tiff/r0dd7b354t.TIF,0,test
RAISE-1k/tiff/r0de97473t.TIF,0,test
RAISE-1k/tiff/r0deb6dadt.TIF,0,test
RAISE-1k/tiff/r0dff226et.TIF,0,test
RAISE-1k/tiff/r0e1a6e2ft.TIF,0,test
RAISE-1k/tiff/r0e35d1fct.TIF,0,test
RAISE-1k/tiff/r0e593c46t.TIF,0,test
RAISE-1k/tiff/r0e5b5159t.TIF,0,test
RAISE-1k/tiff/r0e63ca9ft.TIF,0,test
RAISE-1k/tiff/r0e63dd12t.TIF,0,test
RAISE-1k/tiff/r0e661e0dt.TIF,0,test
RAISE-1k/tiff/r0e965ba7t.TIF,0,test
RAISE-1k/tiff/r0e9b0485t.TIF,0,test
RAISE-1k/tiff/r0ea0825ft.TIF,0,test
RAISE-1k/tiff/r0eb7ee5ct.TIF,0,test
RAISE-1k/tiff/r0eb8dfb5t.TIF,0,test
RAISE-1k/tiff/r0eb9e900t.TIF,0,test
RAISE-1k/tiff/r0eba1984t.TIF,0,test
RAISE-1k/tiff/r0ebb0bb4t.TIF,0,test
RAISE-1k/tiff/r0ebb5ca2t.TIF,0,test
RAISE-1k/tiff/r0ed019a4t.TIF,0,test
RAISE-1k/tiff/r0ed16e26t.TIF,0,test
RAISE-1k/tiff/r0ed844b5t.TIF,0,test
RAISE-1k/tiff/r0edb165ft.TIF,0,test
RAISE-1k/tiff/r0eedd456t.TIF,0,test
RAISE-1k/tiff/r0f137652t.TIF,0,test
RAISE-1k/tiff/r0f1a3f00t.TIF,0,test
RAISE-1k/tiff/r0f1aef1ft.TIF,0,test
RAISE-1k/tiff/r0f22c43ct.TIF,0,test
RAISE-1k/tiff/r0f24ca4dt.TIF,0,test
RAISE-1k/tiff/r0f25b326t.TIF,0,test
RAISE-1k/tiff/r0f2c63d2t.TIF,0,test
RAISE-1k/tiff/r0f2e6baft.TIF,0,test
RAISE-1k/tiff/r0f3569c0t.TIF,0,test
RAISE-1k/tiff/r0f36ba1bt.TIF,0,test
RAISE-1k/tiff/r0f38373ct.TIF,0,test
RAISE-1k/tiff/r0f3f14cbt.TIF,0,test
RAISE-1k/tiff/r0f4ece9bt.TIF,0,test
RAISE-1k/tiff/r0f5475b5t.TIF,0,test
RAISE-1k/tiff/r0f5beb66t.TIF,0,test
RAISE-1k/tiff/r0f6250d2t.TIF,0,test
RAISE-1k/tiff/r0f6d3b31t.TIF,0,test
RAISE-1k/tiff/r0f71782et.TIF,0,test
RAISE-1k/tiff/r0f86049ct.TIF,0,test
RAISE-1k/tiff/r0f8a1531t.TIF,0,test
RAISE-1k/tiff/r0f8e5907t.TIF,0,test
RAISE-1k/tiff/r0f91360ct.TIF,0,test
RAISE-1k/tiff/r0f91c753t.TIF,0,test
RAISE-1k/tiff/r0f979863t.TIF,0,test
RAISE-1k/tiff/r0f98115dt.TIF,0,test
RAISE-1k/tiff/r0fa077bet.TIF,0,test
RAISE-1k/tiff/r0fa22d02t.TIF,0,test
RAISE-1k/tiff/r0fb0a690t.TIF,0,test
RAISE-1k/tiff/r0fbe1b0ft.TIF,0,test
RAISE-1k/tiff/r0fc39b66t.TIF,0,test
RAISE-1k/tiff/r1011a436t.TIF,0,test
RAISE-1k/tiff/r101e18b6t.TIF,0,test
RAISE-1k/tiff/r1069cdabt.TIF,0,test
RAISE-1k/tiff/r1070b804t.TIF,0,test
RAISE-1k/tiff/r107730b5t.TIF,0,test
RAISE-1k/tiff/r1077d1f2t.TIF,0,test
RAISE-1k/tiff/r108301e3t.TIF,0,test
RAISE-1k/tiff/r10893508t.TIF,0,test
RAISE-1k/tiff/r108ae9b6t.TIF,0,test
RAISE-1k/tiff/r108ba35et.TIF,0,test
RAISE-1k/tiff/r10944b31t.TIF,0,test
RAISE-1k/tiff/r10a207det.TIF,0,test
RAISE-1k/tiff/r10ab8058t.TIF,0,test
RAISE-1k/tiff/r10f2ac48t.TIF,0,test
RAISE-1k/tiff/r1104e9e6t.TIF,0,test
RAISE-1k/tiff/r1126b615t.TIF,0,test
RAISE-1k/tiff/r113b7fb4t.TIF,0,test
RAISE-1k/tiff/r113ee9edt.TIF,0,test
RAISE-1k/tiff/r1148801et.TIF,0,test
RAISE-1k/tiff/r115e2464t.TIF,0,test
RAISE-1k/tiff/r116825e2t.TIF,0,test
RAISE-1k/tiff/r116ce066t.TIF,0,test
RAISE-1k/tiff/r116fa8b7t.TIF,0,test
RAISE-1k/tiff/r11850456t.TIF,0,test
RAISE-1k/tiff/r11865f77t.TIF,0,test
RAISE-1k/tiff/r11a4e1cbt.TIF,0,test
RAISE-1k/tiff/r11a5b93dt.TIF,0,test
RAISE-1k/tiff/r11a7deb7t.TIF,0,test
RAISE-1k/tiff/r11aa1ee3t.TIF,0,test
RAISE-1k/tiff/r11b292cbt.TIF,0,test
RAISE-1k/tiff/r11bf0779t.TIF,0,test
RAISE-1k/tiff/r11c4de0et.TIF,0,test
RAISE-1k/tiff/r11d981d2t.TIF,0,test
RAISE-1k/tiff/r11e134c7t.TIF,0,test
RAISE-1k/tiff/r11e26097t.TIF,0,test
RAISE-1k/tiff/r12133015t.TIF,0,test
RAISE-1k/tiff/r1218b33at.TIF,0,test
RAISE-1k/tiff/r121f7893t.TIF,0,test
RAISE-1k/tiff/r1234de87t.TIF,0,test
RAISE-1k/tiff/r123c6433t.TIF,0,test
RAISE-1k/tiff/r123ca9b3t.TIF,0,test
RAISE-1k/tiff/r125034a9t.TIF,0,test
RAISE-1k/tiff/r125442fat.TIF,0,test
RAISE-1k/tiff/r125f6e84t.TIF,0,test
RAISE-1k/tiff/r12638c95t.TIF,0,test
RAISE-1k/tiff/r1267fa5bt.TIF,0,test
RAISE-1k/tiff/r126a22b8t.TIF,0,test
RAISE-1k/tiff/r127608abt.TIF,0,test
RAISE-1k/tiff/r127d47e0t.TIF,0,test
RAISE-1k/tiff/r128cc6fbt.TIF,0,test
RAISE-1k/tiff/r128dfb38t.TIF,0,test
RAISE-1k/tiff/r1293f8ect.TIF,0,test
RAISE-1k/tiff/r12946364t.TIF,0,test
RAISE-1k/tiff/r1297fd0bt.TIF,0,test
RAISE-1k/tiff/r129f09b4t.TIF,0,test
RAISE-1k/tiff/r129f24bet.TIF,0,test
RAISE-1k/tiff/r12a7e9b5t.TIF,0,test
RAISE-1k/tiff/r12a97b08t.TIF,0,test
RAISE-1k/tiff/r12c1798bt.TIF,0,test
RAISE-1k/tiff/r12c5f70bt.TIF,0,test
RAISE-1k/tiff/r12c64de9t.TIF,0,test
RAISE-1k/tiff/r12cbfb1et.TIF,0,test
RAISE-1k/tiff/r12cebbd2t.TIF,0,test
RAISE-1k/tiff/r12cf98bet.TIF,0,test
RAISE-1k/tiff/r12d4cabat.TIF,0,test
RAISE-1k/tiff/r12daa983t.TIF,0,test
RAISE-1k/tiff/r12e170d4t.TIF,0,test
RAISE-1k/tiff/r12ed2816t.TIF,0,test
RAISE-1k/tiff/r12f02af5t.TIF,0,test
RAISE-1k/tiff/r12f3bbfat.TIF,0,test
RAISE-1k/tiff/r1301676dt.TIF,0,test
RAISE-1k/tiff/r13073518t.TIF,0,test
RAISE-1k/tiff/r131a8f7et.TIF,0,test
RAISE-1k/tiff/r1322c4d6t.TIF,0,test
RAISE-1k/tiff/r1328ee94t.TIF,0,test
RAISE-1k/tiff/r132d538et.TIF,0,test
RAISE-1k/tiff/r133bb357t.TIF,0,test
RAISE-1k/tiff/r133c5a52t.TIF,0,test
RAISE-1k/tiff/r1344c943t.TIF,0,test
RAISE-1k/tiff/r13493fa3t.TIF,0,test
RAISE-1k/tiff/r134ba6abt.TIF,0,test
RAISE-1k/tiff/r135df877t.TIF,0,test
RAISE-1k/tiff/r1372056ct.TIF,0,test
RAISE-1k/tiff/r1378de81t.TIF,0,test
RAISE-1k/tiff/r137bcd7at.TIF,0,test
RAISE-1k/tiff/r137f062ft.TIF,0,test
RAISE-1k/tiff/r13837601t.TIF,0,test
RAISE-1k/tiff/r138ad247t.TIF,0,test
RAISE-1k/tiff/r138ceafbt.TIF,0,test
RAISE-1k/tiff/r13907965t.TIF,0,test
RAISE-1k/tiff/r13928401t.TIF,0,test
RAISE-1k/tiff/r13934dc7t.TIF,0,test
RAISE-1k/tiff/r13a16a0at.TIF,0,test
RAISE-1k/tiff/r13a5bb6bt.TIF,0,test
RAISE-1k/tiff/r13a9002bt.TIF,0,test
RAISE-1k/tiff/r13ae7d1et.TIF,0,test
RAISE-1k/tiff/r13b45303t.TIF,0,test
RAISE-1k/tiff/r13b5b161t.TIF,0,test
RAISE-1k/tiff/r13bb381ct.TIF,0,test
RAISE-1k/tiff/r13c19caft.TIF,0,test
RAISE-1k/tiff/r13c7e92dt.TIF,0,test
RAISE-1k/tiff/r13c85634t.TIF,0,test
RAISE-1k/tiff/r13dab3c7t.TIF,0,test
RAISE-1k/tiff/r13de1e12t.TIF,0,test
RAISE-1k/tiff/r13e56300t.TIF,0,test
RAISE-1k/tiff/r13f26c35t.TIF,0,test
RAISE-1k/tiff/r13fccd2ft.TIF,0,test
RAISE-1k/tiff/r140f3432t.TIF,0,test
RAISE-1k/tiff/r141665bdt.TIF,0,test
RAISE-1k/tiff/r141669e5t.TIF,0,test
RAISE-1k/tiff/r1419078bt.TIF,0,test
RAISE-1k/tiff/r141e4467t.TIF,0,test
RAISE-1k/tiff/r142335f0t.TIF,0,test
RAISE-1k/tiff/r1426cde6t.TIF,0,test
RAISE-1k/tiff/r142787e2t.TIF,0,test
RAISE-1k/tiff/r14289905t.TIF,0,test
RAISE-1k/tiff/r142b504bt.TIF,0,test
RAISE-1k/tiff/r144e095dt.TIF,0,test
RAISE-1k/tiff/r144f25eet.TIF,0,test
RAISE-1k/tiff/r145215fft.TIF,0,test
RAISE-1k/tiff/r145221d9t.TIF,0,test
RAISE-1k/tiff/r14556dabt.TIF,0,test
RAISE-1k/tiff/r14586c63t.TIF,0,test
RAISE-1k/tiff/r1461e2d7t.TIF,0,test
RAISE-1k/tiff/r146771d7t.TIF,0,test
RAISE-1k/tiff/r1468a9e1t.TIF,0,test
RAISE-1k/tiff/r14902ba4t.TIF,0,test
RAISE-1k/tiff/r14a51689t.TIF,0,test
RAISE-1k/tiff/r14a595b6t.TIF,0,test
RAISE-1k/tiff/r14a9a843t.TIF,0,test
RAISE-1k/tiff/r14bfe6f4t.TIF,0,test
RAISE-1k/tiff/r14c2d3fct.TIF,0,test
RAISE-1k/tiff/r14c67ed2t.TIF,0,test
RAISE-1k/tiff/r14ca1259t.TIF,0,test
RAISE-1k/tiff/r14dd8f91t.TIF,0,test
RAISE-1k/tiff/r14df59fet.TIF,0,test
RAISE-1k/tiff/r14f241e4t.TIF,0,test
RAISE-1k/tiff/r150058a4t.TIF,0,test
RAISE-1k/tiff/r15028ceft.TIF,0,test
RAISE-1k/tiff/r150b1b51t.TIF,0,test
RAISE-1k/tiff/r15199ae3t.TIF,0,test
RAISE-1k/tiff/r152d9ff5t.TIF,0,test
RAISE-1k/tiff/r15499cd8t.TIF,0,test
RAISE-1k/tiff/r154d7294t.TIF,0,test
RAISE-1k/tiff/r1554cfadt.TIF,0,test
RAISE-1k/tiff/r155fe1fat.TIF,0,test
RAISE-1k/tiff/r1565a7e7t.TIF,0,test
RAISE-1k/tiff/r1567e512t.TIF,0,test
RAISE-1k/tiff/r1570dd6at.TIF,0,test
RAISE-1k/tiff/r1580c37ft.TIF,0,test
RAISE-1k/tiff/r15885978t.TIF,0,test
RAISE-1k/tiff/r15919202t.TIF,0,test
RAISE-1k/tiff/r1594b4b3t.TIF,0,test
RAISE-1k/tiff/r159d3942t.TIF,0,test
RAISE-1k/tiff/r15a0b476t.TIF,0,test
RAISE-1k/tiff/r15ab6ac6t.TIF,0,test
RAISE-1k/tiff/r15c91802t.TIF,0,test
RAISE-1k/tiff/r15d1c836t.TIF,0,test
RAISE-1k/tiff/r15dcfacct.TIF,0,test
RAISE-1k/tiff/r15dfc1b8t.TIF,0,test
RAISE-1k/tiff/r15eef8b9t.TIF,0,test
RAISE-1k/tiff/r15efd876t.TIF,0,test
RAISE-1k/tiff/r15f07f9dt.TIF,0,test
RAISE-1k/tiff/r15f16465t.TIF,0,test
RAISE-1k/tiff/r1602555bt.TIF,0,test
RAISE-1k/tiff/r16113cc8t.TIF,0,test
RAISE-1k/tiff/r16144fa2t.TIF,0,test
RAISE-1k/tiff/r1618da9dt.TIF,0,test
RAISE-1k/tiff/r16192cf0t.TIF,0,test
RAISE-1k/tiff/r162b2209t.TIF,0,test
RAISE-1k/tiff/r163317d6t.TIF,0,test
RAISE-1k/tiff/r163967d4t.TIF,0,test
RAISE-1k/tiff/r1639a65ct.TIF,0,test
RAISE-1k/tiff/r16422663t.TIF,0,test
RAISE-1k/tiff/r1644d874t.TIF,0,test
RAISE-1k/tiff/r1645a09ct.TIF,0,test
RAISE-1k/tiff/r164c1e13t.TIF,0,test
RAISE-1k/tiff/r16509308t.TIF,0,test
RAISE-1k/tiff/r165355c0t.TIF,0,test
RAISE-1k/tiff/r1655a008t.TIF,0,test
RAISE-1k/tiff/r165fbf4ft.TIF,0,test
RAISE-1k/tiff/r1661f358t.TIF,0,test
RAISE-1k/tiff/r16654024t.TIF,0,test
RAISE-1k/tiff/r16698b6et.TIF,0,test
RAISE-1k/tiff/r1683028at.TIF,0,test
RAISE-1k/tiff/r1694427et.TIF,0,test
RAISE-1k/tiff/r169a9b07t.TIF,0,test
RAISE-1k/tiff/r169c7350t.TIF,0,test
RAISE-1k/tiff/r169f694ft.TIF,0,test
RAISE-1k/tiff/r16a02a12t.TIF,0,test
RAISE-1k/tiff/r16d46fa3t.TIF,0,test
RAISE-1k/tiff/r16d6c35dt.TIF,0,test
RAISE-1k/tiff/r16da5576t.TIF,0,test
RAISE-1k/tiff/r16dca6f2t.TIF,0,test
RAISE-1k/tiff/r16ea6386t.TIF,0,test
RAISE-1k/tiff/r170632f5t.TIF,0,test
RAISE-1k/tiff/r170b020bt.TIF,0,test
RAISE-1k/tiff/r170df29ct.TIF,0,test
RAISE-1k/tiff/r1717ae55t.TIF,0,test
RAISE-1k/tiff/r171d73aat.TIF,0,test
RAISE-1k/tiff/r171eeaf8t.TIF,0,test
RAISE-1k/tiff/r17217693t.TIF,0,test
RAISE-1k/tiff/r17228bbdt.TIF,0,test
RAISE-1k/tiff/r173ee7e8t.TIF,0,test
RAISE-1k/tiff/r1743fb6bt.TIF,0,test
RAISE-1k/tiff/r17492cd5t.TIF,0,test
RAISE-1k/tiff/r175da907t.TIF,0,test
RAISE-1k/tiff/r17754c77t.TIF,0,test
RAISE-1k/tiff/r177dd68et.TIF,0,test
RAISE-1k/tiff/r177fb9f1t.TIF,0,test
RAISE-1k/tiff/r179bb406t.TIF,0,test
RAISE-1k/tiff/r179ec4e8t.TIF,0,test
RAISE-1k/tiff/r179ed8d7t.TIF,0,test
RAISE-1k/tiff/r17ad56act.TIF,0,test
RAISE-1k/tiff/r17afaaa1t.TIF,0,test
RAISE-1k/tiff/r17b2f789t.TIF,0,test
RAISE-1k/tiff/r17b873bct.TIF,0,test
RAISE-1k/tiff/r17c76042t.TIF,0,test
RAISE-1k/tiff/r17d11b3at.TIF,0,test
RAISE-1k/tiff/r17f60607t.TIF,0,test
RAISE-1k/tiff/r17fe8532t.TIF,0,test
RAISE-1k/tiff/r1800ab47t.TIF,0,test
RAISE-1k/tiff/r180a7062t.TIF,0,test
RAISE-1k/tiff/r180bcbd7t.TIF,0,test
RAISE-1k/tiff/r1810ba7at.TIF,0,test
RAISE-1k/tiff/r181768b7t.TIF,0,test
RAISE-1k/tiff/r181d64eat.TIF,0,test
RAISE-1k/tiff/r181dd93dt.TIF,0,test
RAISE-1k/tiff/r1824034et.TIF,0,test
RAISE-1k/tiff/r1828d94at.TIF,0,test
RAISE-1k/tiff/r182ed662t.TIF,0,test
RAISE-1k/tiff/r18302db2t.TIF,0,test
RAISE-1k/tiff/r18393aeet.TIF,0,test
RAISE-1k/tiff/r184f08dat.TIF,0,test
RAISE-1k/tiff/r185929e9t.TIF,0,test
RAISE-1k/tiff/r1866b73at.TIF,0,test
RAISE-1k/tiff/r186c09e4t.TIF,0,test
RAISE-1k/tiff/r18791531t.TIF,0,test
RAISE-1k/tiff/r18798194t.TIF,0,test
RAISE-1k/tiff/r187df69ft.TIF,0,test
RAISE-1k/tiff/r1882b6e6t.TIF,0,test
RAISE-1k/tiff/r1889220ft.TIF,0,test
RAISE-1k/tiff/r188eb234t.TIF,0,test
RAISE-1k/tiff/r18990432t.TIF,0,test
RAISE-1k/tiff/r189be0d8t.TIF,0,test
RAISE-1k/tiff/r18ce12dct.TIF,0,test
RAISE-1k/tiff/r18d1abact.TIF,0,test
RAISE-1k/tiff/r18d72ab2t.TIF,0,test
RAISE-1k/tiff/r18d866e1t.TIF,0,test
RAISE-1k/tiff/r18d9feeat.TIF,0,test
RAISE-1k/tiff/r18e0516bt.TIF,0,test
RAISE-1k/tiff/r18ea00c8t.TIF,0,test
RAISE-1k/tiff/r18fafe10t.TIF,0,test
RAISE-1k/tiff/r1900f7c7t.TIF,0,test
RAISE-1k/tiff/r1904147dt.TIF,0,test
RAISE-1k/tiff/r191488c6t.TIF,0,test
RAISE-1k/tiff/r1915909et.TIF,0,test
RAISE-1k/tiff/r19183258t.TIF,0,test
RAISE-1k/tiff/r191f3cdet.TIF,0,test
RAISE-1k/tiff/r192ae577t.TIF,0,test
RAISE-1k/tiff/r1934e29ft.TIF,0,test
RAISE-1k/tiff/r193b12aet.TIF,0,test
RAISE-1k/tiff/r194c49f5t.TIF,0,test
RAISE-1k/tiff/r195a5f44t.TIF,0,test
RAISE-1k/tiff/r195f12adt.TIF,0,test
RAISE-1k/tiff/r197770adt.TIF,0,test
RAISE-1k/tiff/r19835fbft.TIF,0,test
RAISE-1k/tiff/r1986e42bt.TIF,0,test
RAISE-1k/tiff/r198ae140t.TIF,0,test
RAISE-1k/tiff/r198ea6a5t.TIF,0,test
RAISE-1k/tiff/r19924edft.TIF,0,test
RAISE-1k/tiff/r19b49f2ct.TIF,0,test
RAISE-1k/tiff/r19ba7288t.TIF,0,test
RAISE-1k/tiff/r19be5c05t.TIF,0,test
RAISE-1k/tiff/r19c9183at.TIF,0,test
RAISE-1k/tiff/r19d47beft.TIF,0,test
RAISE-1k/tiff/r19d72b0ct.TIF,0,test
RAISE-1k/tiff/r19d92967t.TIF,0,test
RAISE-1k/tiff/r19fe3107t.TIF,0,test
RAISE-1k/tiff/r1a020c3ft.TIF,0,test
RAISE-1k/tiff/r1a07dd25t.TIF,0,test
RAISE-1k/tiff/r1a0968bft.TIF,0,test
RAISE-1k/tiff/r1a0f5585t.TIF,0,test
RAISE-1k/tiff/r1a11b3c0t.TIF,0,test
RAISE-1k/tiff/r1a170ddbt.TIF,0,test
RAISE-1k/tiff/r1a1d24b2t.TIF,0,test
RAISE-1k/tiff/r1a1d7e72t.TIF,0,test
RAISE-1k/tiff/r1a2095b2t.TIF,0,test
RAISE-1k/tiff/r1a28d44bt.TIF,0,test
RAISE-1k/tiff/r1a2d8b02t.TIF,0,test
RAISE-1k/tiff/r1a343192t.TIF,0,test
RAISE-1k/tiff/r1a4651edt.TIF,0,test
RAISE-1k/tiff/r1a485a99t.TIF,0,test
RAISE-1k/tiff/r1a499b96t.TIF,0,test
RAISE-1k/tiff/r1a57cb29t.TIF,0,test
RAISE-1k/tiff/r1a5903fct.TIF,0,test
RAISE-1k/tiff/r1a60a2bdt.TIF,0,test
RAISE-1k/tiff/r1a711e27t.TIF,0,test
RAISE-1k/tiff/r1a7346d0t.TIF,0,test
RAISE-1k/tiff/r1a7b8c42t.TIF,0,test
RAISE-1k/tiff/r1a7bb1d6t.TIF,0,test
RAISE-1k/tiff/r1a7e4791t.TIF,0,test
RAISE-1k/tiff/r1a7feb2bt.TIF,0,test
RAISE-1k/tiff/r1a845144t.TIF,0,test
RAISE-1k/tiff/r1a877849t.TIF,0,test
RAISE-1k/tiff/r1a8d7a86t.TIF,0,test
RAISE-1k/tiff/r1a8ee526t.TIF,0,test
RAISE-1k/tiff/r1a8fe570t.TIF,0,test
RAISE-1k/tiff/r1a91c337t.TIF,0,test
RAISE-1k/tiff/r1a9783cdt.TIF,0,test
RAISE-1k/tiff/r1a9acd94t.TIF,0,test
RAISE-1k/tiff/r1a9de6e9t.TIF,0,test
RAISE-1k/tiff/r1aa43470t.TIF,0,test
RAISE-1k/tiff/r1aa4cc99t.TIF,0,test
RAISE-1k/tiff/r1aa4db16t.TIF,0,test
RAISE-1k/tiff/r1aa53167t.TIF,0,test
RAISE-1k/tiff/r1aa63558t.TIF,0,test
RAISE-1k/tiff/r1aa7459at.TIF,0,test
RAISE-1k/tiff/r1ab0bb20t.TIF,0,test
RAISE-1k/tiff/r1ab1679et.TIF,0,test
RAISE-1k/tiff/r1ad2de34t.TIF,0,test
RAISE-1k/tiff/r1ad3fa6dt.TIF,0,test
RAISE-1k/tiff/r1ad9cd64t.TIF,0,test
RAISE-1k/tiff/r1ae12b3ft.TIF,0,test
RAISE-1k/tiff/r1aef663et.TIF,0,test
RAISE-1k/tiff/r1af60295t.TIF,0,test
RAISE-1k/tiff/r1b09da9ct.TIF,0,test
RAISE-1k/tiff/r1b106abdt.TIF,0,test
RAISE-1k/tiff/r1b165d45t.TIF,0,test
RAISE-1k/tiff/r1b177fe1t.TIF,0,test
RAISE-1k/tiff/r1b17f0f0t.TIF,0,test
RAISE-1k/tiff/r1b1c1019t.TIF,0,test
RAISE-1k/tiff/r1b262b72t.TIF,0,test
RAISE-1k/tiff/r1b2765ebt.TIF,0,test
RAISE-1k/tiff/r1b32a6bct.TIF,0,test
RAISE-1k/tiff/r1b4e82c4t.TIF,0,test
RAISE-1k/tiff/r1b547547t.TIF,0,test
RAISE-1k/tiff/r1b57dbb2t.TIF,0,test
RAISE-1k/tiff/r1b61c7b1t.TIF,0,test
RAISE-1k/tiff/r1b6c1adbt.TIF,0,test
RAISE-1k/tiff/r1b790721t.TIF,0,test
RAISE-1k/tiff/r1b8b1b14t.TIF,0,test
RAISE-1k/tiff/r1b9e9917t.TIF,0,test
RAISE-1k/tiff/r1baf2ce0t.TIF,0,test
RAISE-1k/tiff/r1bc23d6et.TIF,0,test
RAISE-1k/tiff/r1bc355f2t.TIF,0,test
RAISE-1k/tiff/r1bc3a653t.TIF,0,test
RAISE-1k/tiff/r1bc3dd23t.TIF,0,test
RAISE-1k/tiff/r1bc4e4act.TIF,0,test
RAISE-1k/tiff/r1bc92a89t.TIF,0,test
RAISE-1k/tiff/r1bca2388t.TIF,0,test
RAISE-1k/tiff/r1bcfab73t.TIF,0,test
RAISE-1k/tiff/r1bd70210t.TIF,0,test
RAISE-1k/tiff/r1bdb6385t.TIF,0,test
RAISE-1k/tiff/r1bddecd6t.TIF,0,test
RAISE-1k/tiff/r1be2a3d5t.TIF,0,test
RAISE-1k/tiff/r1be4943bt.TIF,0,test
RAISE-1k/tiff/r1bf00696t.TIF,0,test
RAISE-1k/tiff/r1bf4e594t.TIF,0,test
RAISE-1k/tiff/r1bf7ff83t.TIF,0,test
RAISE-1k/tiff/r1bfbaab3t.TIF,0,test
RAISE-1k/tiff/r1c028de8t.TIF,0,test
RAISE-1k/tiff/r1c070921t.TIF,0,test
RAISE-1k/tiff/r1c09b002t.TIF,0,test
RAISE-1k/tiff/r1c146589t.TIF,0,test
RAISE-1k/tiff/r1c1e3ec9t.TIF,0,test
RAISE-1k/tiff/r1c1fef8ft.TIF,0,test
RAISE-1k/tiff/r1c23e440t.TIF,0,test
RAISE-1k/tiff/r1c243af7t.TIF,0,test
RAISE-1k/tiff/r1c24a571t.TIF,0,test
RAISE-1k/tiff/r1c2ac865t.TIF,0,test
RAISE-1k/tiff/r1c31a90bt.TIF,0,test
RAISE-1k/tiff/r1c402787t.TIF,0,test
RAISE-1k/tiff/r1c4ae120t.TIF,0,test
RAISE-1k/tiff/r1c4d4720t.TIF,0,test
RAISE-1k/tiff/r1c4deb71t.TIF,0,test
RAISE-1k/tiff/r1c4e6a62t.TIF,0,test
RAISE-1k/tiff/r1c56a2bct.TIF,0,test
RAISE-1k/tiff/r1c5a4928t.TIF,0,test
RAISE-1k/tiff/r1c5ec853t.TIF,0,test
RAISE-1k/tiff/r1c6377bat.TIF,0,test
RAISE-1k/tiff/r1c6b4a23t.TIF,0,test
RAISE-1k/tiff/r1c717a46t.TIF,0,test
RAISE-1k/tiff/r1c83ec1dt.TIF,0,test
RAISE-1k/tiff/r1c874ac4t.TIF,0,test
RAISE-1k/tiff/r1c99500bt.TIF,0,test
RAISE-1k/tiff/r1c9fc42at.TIF,0,test
RAISE-1k/tiff/r1c9fdcf4t.TIF,0,test
RAISE-1k/tiff/r1ca0784dt.TIF,0,test
RAISE-1k/tiff/r1ca254b2t.TIF,0,test
RAISE-1k/tiff/r1ca2ef38t.TIF,0,test
RAISE-1k/tiff/r1ca5a385t.TIF,0,test
RAISE-1k/tiff/r1ca6cc12t.TIF,0,test
RAISE-1k/tiff/r1cad9823t.TIF,0,test
RAISE-1k/tiff/r1cb7084et.TIF,0,test
RAISE-1k/tiff/r1cc04f4ft.TIF,0,test
RAISE-1k/tiff/r1cc0e4e1t.TIF,0,test
RAISE-1k/tiff/r1cd8d9a4t.TIF,0,test
RAISE-1k/tiff/r1cde4afbt.TIF,0,test
RAISE-1k/tiff/r1ceba29dt.TIF,0,test
RAISE-1k/tiff/r1ced1907t.TIF,0,test
RAISE-1k/tiff/r1cfc8ddat.TIF,0,test
RAISE-1k/tiff/r1cfe520bt.TIF,0,test
RAISE-1k/tiff/r1d00d8ect.TIF,0,test
RAISE-1k/tiff/r1d1445b6t.TIF,0,test
RAISE-1k/tiff/r1d16ad1et.TIF,0,test
RAISE-1k/tiff/r1d1cf607t.TIF,0,test
RAISE-1k/tiff/r1d1d501et.TIF,0,test
RAISE-1k/tiff/r1d2bb70at.TIF,0,test
RAISE-1k/tiff/r1d3bc675t.TIF,0,test
RAISE-1k/tiff/r1d431afft.TIF,0,test
RAISE-1k/tiff/r1d4377f7t.TIF,0,test
RAISE-1k/tiff/r1d47bfc2t.TIF,0,test
RAISE-1k/tiff/r1d527f65t.TIF,0,test
RAISE-1k/tiff/r1d53fccat.TIF,0,test
RAISE-1k/tiff/r1d679eaet.TIF,0,test
RAISE-1k/tiff/r1d6e15d3t.TIF,0,test
RAISE-1k/tiff/r1d79b6e7t.TIF,0,test
RAISE-1k/tiff/r1d93553ct.TIF,0,test
RAISE-1k/tiff/r1d99d1f3t.TIF,0,test
RAISE-1k/tiff/r1d9a31fct.TIF,0,test
RAISE-1k/tiff/r1d9eaf70t.TIF,0,test
RAISE-1k/tiff/r1da851e4t.TIF,0,test
RAISE-1k/tiff/r1db1c478t.TIF,0,test
RAISE-1k/tiff/r1db2847et.TIF,0,test
RAISE-1k/tiff/r1db351a2t.TIF,0,test
RAISE-1k/tiff/r1db5be20t.TIF,0,test
RAISE-1k/tiff/r1db61cf8t.TIF,0,test
RAISE-1k/tiff/r1dbe1b11t.TIF,0,test
RAISE-1k/tiff/r1dbef145t.TIF,0,test
RAISE-1k/tiff/r1dc4077at.TIF,0,test
RAISE-1k/tiff/r1dd998dft.TIF,0,test
RAISE-1k/tiff/r1dd9d6bft.TIF,0,test
RAISE-1k/tiff/r1ddc0c98t.TIF,0,test
RAISE-1k/tiff/r1de108dft.TIF,0,test
RAISE-1k/tiff/r1de76a54t.TIF,0,test
RAISE-1k/tiff/r1dea56e5t.TIF,0,test
RAISE-1k/tiff/r1df374c1t.TIF,0,test
RAISE-1k/tiff/r1e14f45ct.TIF,0,test
RAISE-1k/tiff/r1e251abet.TIF,0,test
RAISE-1k/tiff/r1e3303ebt.TIF,0,test
RAISE-1k/tiff/r1e367d35t.TIF,0,test
RAISE-1k/tiff/r1e3b4cdft.TIF,0,test
RAISE-1k/tiff/r1e504ebbt.TIF,0,test
RAISE-1k/tiff/r1e52a39dt.TIF,0,test
RAISE-1k/tiff/r1e56884ft.TIF,0,test
RAISE-1k/tiff/r1e5c27c1t.TIF,0,test
RAISE-1k/tiff/r1e698e5dt.TIF,0,test
RAISE-1k/tiff/r1e69b067t.TIF,0,test
RAISE-1k/tiff/r1e7987b3t.TIF,0,test
RAISE-1k/tiff/r1e79c6f9t.TIF,0,test
RAISE-1k/tiff/r1e8acc5ct.TIF,0,test
RAISE-1k/tiff/r1e8e493ct.TIF,0,test
RAISE-1k/tiff/r1e9082f9t.TIF,0,test
RAISE-1k/tiff/r1e9ae164t.TIF,0,test
RAISE-1k/tiff/r1e9c8a5dt.TIF,0,test
RAISE-1k/tiff/r1ea13eb4t.TIF,0,test
RAISE-1k/tiff/r1ea8ccbbt.TIF,0,test
RAISE-1k/tiff/r1eaa5d42t.TIF,0,test
RAISE-1k/tiff/r1ead3024t.TIF,0,test
RAISE-1k/tiff/r1ebee709t.TIF,0,test
RAISE-1k/tiff/r1ec70fd3t.TIF,0,test
RAISE-1k/tiff/r1ee65904t.TIF,0,test
RAISE-1k/tiff/r1ee6f90et.TIF,0,test
RAISE-1k/tiff/r1ef15cb3t.TIF,0,test
RAISE-1k/tiff/r1ef16e0dt.TIF,0,test
RAISE-1k/tiff/r1ef8b85ft.TIF,0,test
RAISE-1k/tiff/r1efcf847t.TIF,0,test
RAISE-1k/tiff/r1eff17eft.TIF,0,test
RAISE-1k/tiff/r1f06581bt.TIF,0,test
RAISE-1k/tiff/r1f1178cet.TIF,0,test
RAISE-1k/tiff/r1f11809bt.TIF,0,test
RAISE-1k/tiff/r1f16e2abt.TIF,0,test
RAISE-1k/tiff/r1f1a3258t.TIF,0,test
RAISE-1k/tiff/r1f1a9df4t.TIF,0,test
RAISE-1k/tiff/r1f20d8b5t.TIF,0,test
RAISE-1k/tiff/r1f23f4ddt.TIF,0,test
RAISE-1k/tiff/r1f2c2acft.TIF,0,test
RAISE-1k/tiff/r1f2f31e2t.TIF,0,test
RAISE-1k/tiff/r1f3e6681t.TIF,0,test
RAISE-1k/tiff/r1f40decct.TIF,0,test
RAISE-1k/tiff/r1f446078t.TIF,0,test
RAISE-1k/tiff/r1f48d12dt.TIF,0,test
RAISE-1k/tiff/r1f4a44a7t.TIF,0,test
RAISE-1k/tiff/r1f4f8a51t.TIF,0,test
RAISE-1k/tiff/r1f5ad4e0t.TIF,0,test
RAISE-1k/tiff/r1f5c8451t.TIF,0,test
